﻿"Indicator Category","Indicator Code","Indicator","Reporting Economy Code","Reporting Economy","Partner Economy Code","Partner Economy","Product/Sector Classification Code","Product/Sector Classification","Product/Sector Code","Product/Sector","Period Code","Period","Frequency Code","Frequency","Unit Code","Unit","Category","Value"
"Merchandise trade values","ITS_MTV_AM","Merchandise imports by product group – annual","276","Germany","000","World","SITC3","Merchandise - SITC Revision 3 (aggregates)","AGFO","Food","-","-","-","-","USM","Million US dollar","Coverage","1980: Germany Fed Rep . 1990: sum of Germany Fed Rep and GDR"
"Merchandise trade values","ITS_MTV_AM","Merchandise imports by product group – annual","276","Germany","000","World","SITC3","Merchandise - SITC Revision 3 (aggregates)","MAMTAU","Automotive products","-","-","-","-","USM","Million US dollar","Coverage","1980: Germany Fed Rep . 1990: sum of Germany Fed Rep and GDR"
"Merchandise trade values","ITS_MTV_AM","Merchandise imports by product group – annual","000","World","000","World","SITC3","Merchandise - SITC Revision 3 (aggregates)","TO","Total merchandise","A","Annual","A","Annual","USM","Million US dollar","Coverage","Hong Kong China's re-exports are included. Beginning 93: figures are affected by the EU Intrastat system of recording trade."
"Merchandise trade values","ITS_MTV_AM","Merchandise imports by product group – annual","276","Germany","000","World","SITC3","Merchandise - SITC Revision 3 (aggregates)","MATE","Textiles","-","-","-","-","USM","Million US dollar","Coverage","1980: Germany Fed Rep"
"Merchandise trade values","ITS_MTV_AM","Merchandise imports by product group – annual","276","Germany","000","World","SITC3","Merchandise - SITC Revision 3 (aggregates)","MAMT","Machinery and transport equipment","-","-","-","-","USM","Million US dollar","Coverage","1980: Germany Fed Rep . 1990: sum of Germany Fed Rep and GDR"
"Merchandise trade values","ITS_MTV_AM","Merchandise imports by product group – annual","276","Germany","000","World","SITC3","Merchandise - SITC Revision 3 (aggregates)","MAMTOTTL","Telecommunications equipment","-","-","-","-","USM","Million US dollar","Coverage","1980: Germany Fed Rep . 1990: sum of Germany Fed Rep and GDR"
"Merchandise trade values","ITS_MTV_AM","Merchandise imports by product group – annual","360","Indonesia","000","World","SITC3","Merchandise - SITC Revision 3 (aggregates)","TO","Total merchandise","A","Annual","A","Annual","USM","Million US dollar","Coverage","Data include processing zones imports beginning 1997 and imports of oil companies operating in Indonesia beginning 1998."
"Merchandise trade values","ITS_MTV_AM","Merchandise imports by product group – annual","276","Germany","000","World","SITC3","Merchandise - SITC Revision 3 (aggregates)","MAMTOF","Office and telecom equipment","-","-","-","-","USM","Million US dollar","Coverage","1980: Germany Fed Rep . 1990: sum of Germany Fed Rep and GDR"
"Merchandise trade values","ITS_MTV_AM","Merchandise imports by product group – annual","276","Germany","000","World","SITC3","Merchandise - SITC Revision 3 (aggregates)","MAMTOTEP","Electronic data processing and office equipment","-","-","-","-","USM","Million US dollar","Coverage","1980: Germany Fed Rep . 1990: sum of Germany Fed Rep and GDR"
"Merchandise trade values","ITS_MTV_AM","Merchandise imports by product group – annual","643","Russian Federation","000","World","SITC3","Merchandise - SITC Revision 3 (aggregates)","TO","Total merchandise","A","Annual","A","Annual","USM","Million US dollar","Coverage","92-93: data exclude trade with other countries from the CIS and Baltic States.  Beginning 2010 this series includes an adjustment for bilateral trade with Kazakhstan that is no longer recorded by customs following implementation of a bilateral customs union. Beginning 2013 data refer to trade in goods measured as per the 6th edition of the BOP Manual (prior to 2013 data correspond to BPM5 recommendation - the difference is not significant for the Russian Federation)."
"Merchandise trade values","ITS_MTV_AM","Merchandise imports by product group – annual","276","Germany","000","World","SITC3","Merchandise - SITC Revision 3 (aggregates)","MIFU","Fuels","-","-","-","-","USM","Million US dollar","Coverage","1980: Germany Fed Rep . 1990: sum of Germany Fed Rep and GDR"
"Merchandise trade values","ITS_MTV_AM","Merchandise imports by product group – annual","276","Germany","000","World","SITC3","Merchandise - SITC Revision 3 (aggregates)","MACL","Clothing","-","-","-","-","USM","Million US dollar","Coverage","1980: Germany Fed Rep . 1990: sum of Germany Fed Rep and GDR"
"Merchandise trade values","ITS_MTV_AM","Merchandise imports by product group – annual","276","Germany","000","World","SITC3","Merchandise - SITC Revision 3 (aggregates)","TO","Total merchandise","A","Annual","A","Annual","USM","Million US dollar","Coverage","Prior to 90: the former German Democratic Republic is excluded"
"Merchandise trade values","ITS_MTV_AM","Merchandise imports by product group – annual","276","Germany","000","World","SITC3","Merchandise - SITC Revision 3 (aggregates)","MACH","Chemicals","-","-","-","-","USM","Million US dollar","Coverage","1980: Germany Fed Rep . 1990: sum of Germany Fed Rep and GDR"
"Merchandise trade values","ITS_MTV_AM","Merchandise imports by product group – annual","276","Germany","000","World","SITC3","Merchandise - SITC Revision 3 (aggregates)","MAIS","Iron and steel","-","-","-","-","USM","Million US dollar","Coverage","1980: Germany Fed Rep"
"Merchandise trade values","ITS_MTV_AM","Merchandise imports by product group – annual","356","India","000","World","SITC3","Merchandise - SITC Revision 3 (aggregates)","TO","Total merchandise","A","Annual","A","Annual","USM","Million US dollar","Coverage","Exclude military goods fissionable materials bunkers."
"Merchandise trade values","ITS_MTV_AM","Merchandise imports by product group – annual","276","Germany","000","World","SITC3","Merchandise - SITC Revision 3 (aggregates)","MACHPH","Pharmaceuticals","-","-","-","-","USM","Million US dollar","Coverage","1980: Germany Fed Rep . 1990: sum of Germany Fed Rep and GDR"
"Merchandise trade values","ITS_MTV_AM","Merchandise imports by product group – annual","364","Iran","000","World","SITC3","Merchandise - SITC Revision 3 (aggregates)","TO","Total merchandise","A","Annual","A","Annual","USM","Million US dollar","Coverage","Prior to 1999 annual values refer to years beginning March (Persian calendar). Beginning 99 data refer to Gregorian calendar (year beginning January)."
"Merchandise trade values","ITS_MTV_AM","Merchandise imports by product group – annual","276","Germany","000","World","SITC3","Merchandise - SITC Revision 3 (aggregates)","MAMTOTIC","Integrated circuits and electronic components","-","-","-","-","USM","Million US dollar","Coverage","1980: Germany Fed Rep . 1990: sum of Germany Fed Rep and GDR"
"Merchandise trade values","ITS_MTV_AM","Merchandise imports by product group – annual","156","China","000","World","SITC3","Merchandise - SITC Revision 3 (aggregates)","MATE","Textiles","-","-","-","-","USM","Million US dollar","Trade system","Prior to 1992: CT data reported in HS"
"Merchandise trade values","ITS_MTV_AM","Merchandise imports by product group – annual","156","China","000","World","SITC3","Merchandise - SITC Revision 3 (aggregates)","MAMTOTEP","Electronic data processing and office equipment","-","-","-","-","USM","Million US dollar","Trade system","1990-1992: CT data reported in SITC Rev.2"
"Merchandise trade values","ITS_MTV_AM","Merchandise imports by product group – annual","156","China","000","World","SITC3","Merchandise - SITC Revision 3 (aggregates)","AG","Agricultural products","-","-","-","-","USM","Million US dollar","Trade system","Prior to 1992: CT data reported in HS"
"Merchandise trade values","ITS_MTV_AM","Merchandise imports by product group – annual","156","China","000","World","SITC3","Merchandise - SITC Revision 3 (aggregates)","MACL","Clothing","-","-","-","-","USM","Million US dollar","Trade system","Prior to 1992: CT data reported in HS"
"Merchandise trade values","ITS_MTV_AM","Merchandise imports by product group – annual","156","China","000","World","SITC3","Merchandise - SITC Revision 3 (aggregates)","MAMTTE","Transport equipment","-","-","-","-","USM","Million US dollar","Trade system","Prior to 1992: CT data reported in HS"
"Merchandise trade values","ITS_MTV_AM","Merchandise imports by product group – annual","156","China","000","World","SITC3","Merchandise - SITC Revision 3 (aggregates)","AGFO","Food","-","-","-","-","USM","Million US dollar","Trade system","Prior to 1992: CT data reported in HS"
"Merchandise trade values","ITS_MTV_AM","Merchandise imports by product group – annual","156","China","000","World","SITC3","Merchandise - SITC Revision 3 (aggregates)","MIFU","Fuels","-","-","-","-","USM","Million US dollar","Trade system","Prior to 1992: CT data reported in HS"
"Merchandise trade values","ITS_MTV_AM","Merchandise imports by product group – annual","156","China","000","World","SITC3","Merchandise - SITC Revision 3 (aggregates)","MI","Fuels and mining products","-","-","-","-","USM","Million US dollar","Trade system","Prior to 1992: CT data reported in HS"
"Merchandise trade values","ITS_MTV_AM","Merchandise imports by product group – annual","156","China","000","World","SITC3","Merchandise - SITC Revision 3 (aggregates)","MAIS","Iron and steel","-","-","-","-","USM","Million US dollar","Trade system","Prior to 1992: CT data reported in HS"
"Merchandise trade values","ITS_MTV_AM","Merchandise imports by product group – annual","356","India","000","World","SITC3","Merchandise - SITC Revision 3 (aggregates)","TO","Total merchandise","A","Annual","A","Annual","USM","Million US dollar","Trade system","General trade"
"Merchandise trade values","ITS_MTV_AM","Merchandise imports by product group – annual","156","China","000","World","SITC3","Merchandise - SITC Revision 3 (aggregates)","MAMTOTIC","Integrated circuits and electronic components","-","-","-","-","USM","Million US dollar","Trade system","1990-1992: CT data reported in SITC Rev.2"
"Merchandise trade values","ITS_MTV_AM","Merchandise imports by product group – annual","156","China","000","World","SITC3","Merchandise - SITC Revision 3 (aggregates)","MAMTAU","Automotive products","-","-","-","-","USM","Million US dollar","Trade system","Prior to 1992: CT data reported in HS"
"Merchandise trade values","ITS_MTV_AM","Merchandise imports by product group – annual","156","China","000","World","SITC3","Merchandise - SITC Revision 3 (aggregates)","MAMT","Machinery and transport equipment","-","-","-","-","USM","Million US dollar","Trade system","Prior to 1992: CT data reported in HS"
"Merchandise trade values","ITS_MTV_AM","Merchandise imports by product group – annual","156","China","000","World","SITC3","Merchandise - SITC Revision 3 (aggregates)","MAMTOF","Office and telecom equipment","-","-","-","-","USM","Million US dollar","Trade system","Prior to 1992: CT data reported in HS"
"Merchandise trade values","ITS_MTV_AM","Merchandise imports by product group – annual","156","China","000","World","SITC3","Merchandise - SITC Revision 3 (aggregates)","MAMTOTTL","Telecommunications equipment","-","-","-","-","USM","Million US dollar","Trade system","1990-1992: CT data reported in SITC Rev.2"
"Merchandise trade values","ITS_MTV_AM","Merchandise imports by product group – annual","156","China","000","World","SITC3","Merchandise - SITC Revision 3 (aggregates)","MA","Manufactures","-","-","-","-","USM","Million US dollar","Trade system","Prior to 1992: CT data reported in HS"
"Merchandise trade values","ITS_MTV_AM","Merchandise imports by product group – annual","156","China","000","World","SITC3","Merchandise - SITC Revision 3 (aggregates)","MACHPH","Pharmaceuticals","-","-","-","-","USM","Million US dollar","Trade system","1990-1992: CT data reported in SITC Rev.2"
"Merchandise trade values","ITS_MTV_AM","Merchandise imports by product group – annual","156","China","000","World","SITC3","Merchandise - SITC Revision 3 (aggregates)","MACH","Chemicals","-","-","-","-","USM","Million US dollar","Trade system","Prior to 1992: CT data reported in HS"
"Merchandise trade values","ITS_MTV_AM","Merchandise imports by product group – annual","076","Brazil","000","World","SITC3","Merchandise - SITC Revision 3 (aggregates)","MAMT","Machinery and transport equipment","-","-","-","-","USM","Million US dollar","Method of valuation","2000 onwards: Imports are valued f.o.b."
"Merchandise trade values","ITS_MTV_AM","Merchandise imports by product group – annual","124","Canada","000","World","SITC3","Merchandise - SITC Revision 3 (aggregates)","TO","Total merchandise","A","Annual","A","Annual","USM","Million US dollar","Method of valuation","Imports are valued f.o.b. prior to 2010."
"Merchandise trade values","ITS_MTV_AM","Merchandise imports by product group – annual","124","Canada","000","World","SITC3","Merchandise - SITC Revision 3 (aggregates)","MAMTOTTL","Telecommunications equipment","-","-","-","-","USM","Million US dollar","Method of valuation","Imports are valued f.o.b."
"Merchandise trade values","ITS_MTV_AM","Merchandise imports by product group – annual","076","Brazil","000","World","SITC3","Merchandise - SITC Revision 3 (aggregates)","MAMTTE","Transport equipment","-","-","-","-","USM","Million US dollar","Method of valuation","2000 onwards: Imports are valued f.o.b."
"Merchandise trade values","ITS_MTV_AM","Merchandise imports by product group – annual","076","Brazil","000","World","SITC3","Merchandise - SITC Revision 3 (aggregates)","MAMTOTEP","Electronic data processing and office equipment","-","-","-","-","USM","Million US dollar","Method of valuation","2000 onwards: Imports are valued f.o.b."
"Merchandise trade values","ITS_MTV_AM","Merchandise imports by product group – annual","124","Canada","000","World","SITC3","Merchandise - SITC Revision 3 (aggregates)","MACHPH","Pharmaceuticals","-","-","-","-","USM","Million US dollar","Method of valuation","Imports are valued f.o.b."
"Merchandise trade values","ITS_MTV_AM","Merchandise imports by product group – annual","124","Canada","000","World","SITC3","Merchandise - SITC Revision 3 (aggregates)","MAMTOTIC","Integrated circuits and electronic components","-","-","-","-","USM","Million US dollar","Method of valuation","Imports are valued f.o.b."
"Merchandise trade values","ITS_MTV_AM","Merchandise imports by product group – annual","124","Canada","000","World","SITC3","Merchandise - SITC Revision 3 (aggregates)","MAIS","Iron and steel","-","-","-","-","USM","Million US dollar","Method of valuation","Imports are valued f.o.b."
"Merchandise trade values","ITS_MTV_AM","Merchandise imports by product group – annual","076","Brazil","000","World","SITC3","Merchandise - SITC Revision 3 (aggregates)","MAMTAU","Automotive products","-","-","-","-","USM","Million US dollar","Method of valuation","2000 onwards: Imports are valued f.o.b."
"Merchandise trade values","ITS_MTV_AM","Merchandise imports by product group – annual","124","Canada","000","World","SITC3","Merchandise - SITC Revision 3 (aggregates)","MA","Manufactures","-","-","-","-","USM","Million US dollar","Method of valuation","Imports are valued f.o.b."
"Merchandise trade values","ITS_MTV_AM","Merchandise imports by product group – annual","124","Canada","000","World","SITC3","Merchandise - SITC Revision 3 (aggregates)","MAMTAU","Automotive products","-","-","-","-","USM","Million US dollar","Method of valuation","Imports are valued f.o.b."
"Merchandise trade values","ITS_MTV_AM","Merchandise imports by product group – annual","076","Brazil","000","World","SITC3","Merchandise - SITC Revision 3 (aggregates)","MAMTOTIC","Integrated circuits and electronic components","-","-","-","-","USM","Million US dollar","Method of valuation","2000 onwards: Imports are valued f.o.b."
"Merchandise trade values","ITS_MTV_AM","Merchandise imports by product group – annual","076","Brazil","000","World","SITC3","Merchandise - SITC Revision 3 (aggregates)","MAMTOF","Office and telecom equipment","-","-","-","-","USM","Million US dollar","Method of valuation","2000 onwards: Imports are valued f.o.b."
"Merchandise trade values","ITS_MTV_AM","Merchandise imports by product group – annual","076","Brazil","000","World","SITC3","Merchandise - SITC Revision 3 (aggregates)","MI","Fuels and mining products","-","-","-","-","USM","Million US dollar","Method of valuation","2000 onwards: Imports are valued f.o.b."
"Merchandise trade values","ITS_MTV_AM","Merchandise imports by product group – annual","124","Canada","000","World","SITC3","Merchandise - SITC Revision 3 (aggregates)","AG","Agricultural products","-","-","-","-","USM","Million US dollar","Method of valuation","Imports are valued f.o.b."
"Merchandise trade values","ITS_MTV_AM","Merchandise imports by product group – annual","124","Canada","000","World","SITC3","Merchandise - SITC Revision 3 (aggregates)","MACL","Clothing","-","-","-","-","USM","Million US dollar","Method of valuation","Imports are valued f.o.b."
"Merchandise trade values","ITS_MTV_AM","Merchandise imports by product group – annual","076","Brazil","000","World","SITC3","Merchandise - SITC Revision 3 (aggregates)","MAIS","Iron and steel","-","-","-","-","USM","Million US dollar","Method of valuation","2000 onwards: Imports are valued f.o.b."
"Merchandise trade values","ITS_MTV_AM","Merchandise imports by product group – annual","076","Brazil","000","World","SITC3","Merchandise - SITC Revision 3 (aggregates)","MATE","Textiles","-","-","-","-","USM","Million US dollar","Method of valuation","2000 onwards: Imports are valued f.o.b."
"Merchandise trade values","ITS_MTV_AM","Merchandise imports by product group – annual","076","Brazil","000","World","SITC3","Merchandise - SITC Revision 3 (aggregates)","AGFO","Food","-","-","-","-","USM","Million US dollar","Method of valuation","2000 onwards: Imports are valued f.o.b."
"Merchandise trade values","ITS_MTV_AM","Merchandise imports by product group – annual","124","Canada","000","World","SITC3","Merchandise - SITC Revision 3 (aggregates)","MATE","Textiles","-","-","-","-","USM","Million US dollar","Method of valuation","Imports are valued f.o.b."
"Merchandise trade values","ITS_MTV_AM","Merchandise imports by product group – annual","076","Brazil","000","World","SITC3","Merchandise - SITC Revision 3 (aggregates)","MIFU","Fuels","-","-","-","-","USM","Million US dollar","Method of valuation","2000 onwards: Imports are valued f.o.b."
"Merchandise trade values","ITS_MTV_AM","Merchandise imports by product group – annual","124","Canada","000","World","SITC3","Merchandise - SITC Revision 3 (aggregates)","MAMTOF","Office and telecom equipment","-","-","-","-","USM","Million US dollar","Method of valuation","Imports are valued f.o.b."
"Merchandise trade values","ITS_MTV_AM","Merchandise imports by product group – annual","124","Canada","000","World","SITC3","Merchandise - SITC Revision 3 (aggregates)","MAMT","Machinery and transport equipment","-","-","-","-","USM","Million US dollar","Method of valuation","Imports are valued f.o.b."
"Merchandise trade values","ITS_MTV_AM","Merchandise imports by product group – annual","124","Canada","000","World","SITC3","Merchandise - SITC Revision 3 (aggregates)","MI","Fuels and mining products","-","-","-","-","USM","Million US dollar","Method of valuation","Imports are valued f.o.b."
"Merchandise trade values","ITS_MTV_AM","Merchandise imports by product group – annual","076","Brazil","000","World","SITC3","Merchandise - SITC Revision 3 (aggregates)","MACHPH","Pharmaceuticals","-","-","-","-","USM","Million US dollar","Method of valuation","2000 onwards: Imports are valued f.o.b."
"Merchandise trade values","ITS_MTV_AM","Merchandise imports by product group – annual","076","Brazil","000","World","SITC3","Merchandise - SITC Revision 3 (aggregates)","MAMTOTTL","Telecommunications equipment","-","-","-","-","USM","Million US dollar","Method of valuation","2000 onwards: Imports are valued f.o.b."
"Merchandise trade values","ITS_MTV_AM","Merchandise imports by product group – annual","124","Canada","000","World","SITC3","Merchandise - SITC Revision 3 (aggregates)","MACH","Chemicals","-","-","-","-","USM","Million US dollar","Method of valuation","Imports are valued f.o.b."
"Merchandise trade values","ITS_MTV_AM","Merchandise imports by product group – annual","076","Brazil","000","World","SITC3","Merchandise - SITC Revision 3 (aggregates)","AG","Agricultural products","-","-","-","-","USM","Million US dollar","Method of valuation","2000 onwards: Imports are valued f.o.b."
"Merchandise trade values","ITS_MTV_AM","Merchandise imports by product group – annual","124","Canada","000","World","SITC3","Merchandise - SITC Revision 3 (aggregates)","MAMTOTEP","Electronic data processing and office equipment","-","-","-","-","USM","Million US dollar","Method of valuation","Imports are valued f.o.b."
"Merchandise trade values","ITS_MTV_AM","Merchandise imports by product group – annual","124","Canada","000","World","SITC3","Merchandise - SITC Revision 3 (aggregates)","MAMTTE","Transport equipment","-","-","-","-","USM","Million US dollar","Method of valuation","Imports are valued f.o.b."
"Merchandise trade values","ITS_MTV_AM","Merchandise imports by product group – annual","124","Canada","000","World","SITC3","Merchandise - SITC Revision 3 (aggregates)","AGFO","Food","-","-","-","-","USM","Million US dollar","Method of valuation","Imports are valued f.o.b."
"Merchandise trade values","ITS_MTV_AM","Merchandise imports by product group – annual","643","Russian Federation","000","World","SITC3","Merchandise - SITC Revision 3 (aggregates)","TO","Total merchandise","A","Annual","A","Annual","USM","Million US dollar","Method of valuation","beginning 94: imports are valued f.o.b. and include a coverage adjustment for shuttle trade."
"Merchandise trade values","ITS_MTV_AM","Merchandise imports by product group – annual","076","Brazil","000","World","SITC3","Merchandise - SITC Revision 3 (aggregates)","MACL","Clothing","-","-","-","-","USM","Million US dollar","Method of valuation","2000 onwards: Imports are valued f.o.b."
"Merchandise trade values","ITS_MTV_AM","Merchandise imports by product group – annual","124","Canada","000","World","SITC3","Merchandise - SITC Revision 3 (aggregates)","MIFU","Fuels","-","-","-","-","USM","Million US dollar","Method of valuation","Imports are valued f.o.b."
"Merchandise trade values","ITS_MTV_AM","Merchandise imports by product group – annual","076","Brazil","000","World","SITC3","Merchandise - SITC Revision 3 (aggregates)","MA","Manufactures","-","-","-","-","USM","Million US dollar","Method of valuation","2000 onwards: Imports are valued f.o.b."
"Merchandise trade values","ITS_MTV_AM","Merchandise imports by product group – annual","076","Brazil","000","World","SITC3","Merchandise - SITC Revision 3 (aggregates)","MACH","Chemicals","-","-","-","-","USM","Million US dollar","Method of valuation","2000 onwards: Imports are valued f.o.b."
